{
  "scriptFile": "__init__.py",
  "bindings": [
    {
      "name": "myblob",
      "type": "blobTrigger",
      "direction": "in",
      "path": "syllabus/{name}",
      "connection": "AzureWebJobsStorage"
    },
    {
      "type": "cosmosDB",
      "direction": "out",
      "name": "doc",
      "databaseName": "syllabusDB",
      "collectionName": "syllabuscontainer",
      "createIfNotExists": "false",
      "connectionStringSetting": "CosmosDBConnectionString",
      "partitionKey": "/id"
    }
  ]
}
