{
  "dependencies": {
    "mssql1": {
      "resourceId": "/subscriptions/[parameters('subscriptionId')]/resourceGroups/[parameters('resourceGroup')]/providers/Microsoft.Sql/servers/syllabuszip/databases/SyllabusZip",
      "type": "mssql.azure",
      "connectionId": "sqldb_connection",
      "secretStore": "AzureAppSettings"
    },
    "storage1": {
      "resourceId": "/subscriptions/[parameters('subscriptionId')]/resourceGroups/[parameters('resourceGroup')]/providers/Microsoft.Storage/storageAccounts/storageaccountspark83f8",
      "type": "storage.azure",
      "connectionId": "AzureWebJobsStorage",
      "secretStore": "AzureAppSettings"
    }
  }
}