{
  "scriptFile": "__init__.py",
  "bindings": [
    {
      "authLevel": "function",
      "type": "httpTrigger",
      "direction": "in",
      "name": "req",
      "methods": [
        "get",
        "post"
      ]
    },
    {
      "type": "http",
      "direction": "out",
      "name": "$return"
    },
    {
      "type": "cosmosDB",
      "direction": "out",
      "name": "doc",
      "databaseName": "syllabusDB",
      "collectionName": "syllabuscontainer",
      "createIfNotExists": "false",
      "connectionStringSetting": "AzureWebJobsStorage",
      "partitionKey": "/id"
    },
    {
      "type": "blob",
      "direction": "in",
      "name": "inputBlob",
      "path": "incontainer/{name}",
      "connection": "AzureWebJobsStorage"
    }
  ]
}
